<code_scheme name="Rocko" version="173">
  <option name="OTHER_INDENT_OPTIONS">
    <value>
      <option name="USE_TAB_CHARACTER" value="true" />
    </value>
  </option>
  <option name="LINE_SEPARATOR" value="&#10;" />
  <JSCodeStyleSettings version="0">
    <option name="SPACE_BEFORE_FUNCTION_LEFT_PARENTH" value="false" />
    <option name="SPACES_WITHIN_IMPORTS" value="true" />
    <option name="SPACE_BEFORE_ASYNC_ARROW_LPAREN" value="false" />
  </JSCodeStyleSettings>
  <PHPCodeStyleSettings>
    <option name="COMMA_AFTER_LAST_ARRAY_ELEMENT" value="true" />
    <option name="PHPDOC_BLANK_LINE_BEFORE_TAGS" value="true" />
    <option name="PHPDOC_BLANK_LINES_AROUND_PARAMETERS" value="true" />
    <option name="BLANK_LINES_BETWEEN_IMPORTS" value="1" />
    <option name="PHPDOC_PARAM_SPACES_BETWEEN_TAG_AND_TYPE" value="2" />
    <option name="PHPDOC_PARAM_SPACES_BETWEEN_TYPE_AND_NAME" value="2" />
    <option name="PHPDOC_PARAM_SPACES_BETWEEN_NAME_AND_DESCRIPTION" value="2" />
    <option name="THROWS_WEIGHT" value="3" />
    <option name="PARAM_WEIGHT" value="1" />
    <option name="RETURN_WEIGHT" value="2" />
    <option name="DEPRECATED_WEIGHT" value="4" />
    <option name="SEE_WEIGHT" value="5" />
    <option name="TODO_WEIGHT" value="6" />
    <option name="VAR_WEIGHT" value="0" />
    <option name="GROUP_USE_WRAP" value="1" />
    <option name="LOWER_CASE_BOOLEAN_CONST" value="true" />
    <option name="LOWER_CASE_NULL_CONST" value="true" />
    <option name="ELSE_IF_STYLE" value="COMBINE" />
    <option name="VARIABLE_NAMING_STYLE" value="CAMEL_CASE" />
    <option name="BLANK_LINES_BEFORE_RETURN_STATEMENT" value="1" />
    <option name="KEEP_RPAREN_AND_LBRACE_ON_ONE_LINE" value="true" />
    <option name="BLANK_LINES_AROUND_CONSTANTS" value="1" />
    <option name="BLANK_LINES_AFTER_OPENING_TAG" value="1" />
    <option name="KEEP_BLANK_LINES_AFTER_LBRACE" value="1" />
    <option name="SPACE_AFTER_UNARY_NOT" value="true" />
    <option name="FORCE_SHORT_DECLARATION_ARRAY_STYLE" value="true" />
    <option name="NEW_LINE_AFTER_PHP_OPENING_TAG" value="true" />
    <option name="PHPDOC_USE_FQCN" value="true" />
  </PHPCodeStyleSettings>
  <TypeScriptCodeStyleSettings version="0">
    <option name="SPACES_WITHIN_IMPORTS" value="true" />
    <option name="SPACE_WITHIN_TYPE_ASSERTION" value="true" />
  </TypeScriptCodeStyleSettings>
  <editorconfig>
    <option name="ENABLED" value="false" />
  </editorconfig>
  <codeStyleSettings language="JSON">
    <indentOptions>
      <option name="INDENT_SIZE" value="4" />
    </indentOptions>
  </codeStyleSettings>
  <codeStyleSettings language="PHP">
    <option name="RIGHT_MARGIN" value="120" />
    <option name="KEEP_FIRST_COLUMN_COMMENT" value="false" />
    <option name="KEEP_CONTROL_STATEMENT_IN_ONE_LINE" value="false" />
    <option name="KEEP_BLANK_LINES_IN_DECLARATIONS" value="0" />
    <option name="KEEP_BLANK_LINES_IN_CODE" value="1" />
    <option name="KEEP_BLANK_LINES_BEFORE_RBRACE" value="0" />
    <option name="BLANK_LINES_AFTER_PACKAGE" value="1" />
    <option name="ALIGN_MULTILINE_CHAINED_METHODS" value="true" />
    <option name="ALIGN_MULTILINE_PARAMETERS" value="false" />
    <option name="ALIGN_MULTILINE_FOR" value="false" />
    <option name="ALIGN_MULTILINE_EXTENDS_LIST" value="true" />
    <option name="CALL_PARAMETERS_WRAP" value="5" />
    <option name="CALL_PARAMETERS_LPAREN_ON_NEXT_LINE" value="true" />
    <option name="CALL_PARAMETERS_RPAREN_ON_NEXT_LINE" value="true" />
    <option name="METHOD_PARAMETERS_WRAP" value="5" />
    <option name="METHOD_PARAMETERS_LPAREN_ON_NEXT_LINE" value="true" />
    <option name="METHOD_PARAMETERS_RPAREN_ON_NEXT_LINE" value="true" />
    <option name="EXTENDS_LIST_WRAP" value="5" />
    <option name="METHOD_CALL_CHAIN_WRAP" value="5" />
    <option name="FOR_STATEMENT_LPAREN_ON_NEXT_LINE" value="true" />
    <option name="FOR_STATEMENT_RPAREN_ON_NEXT_LINE" value="true" />
    <option name="ARRAY_INITIALIZER_WRAP" value="5" />
    <option name="ARRAY_INITIALIZER_LBRACE_ON_NEXT_LINE" value="true" />
    <option name="ARRAY_INITIALIZER_RBRACE_ON_NEXT_LINE" value="true" />
    <option name="IF_BRACE_FORCE" value="3" />
    <option name="DOWHILE_BRACE_FORCE" value="3" />
    <option name="WHILE_BRACE_FORCE" value="3" />
    <option name="FOR_BRACE_FORCE" value="3" />
    <indentOptions>
      <option name="TAB_SIZE" value="2" />
      <option name="SMART_TABS" value="true" />
    </indentOptions>
    <arrangement>
      <groups>
        <group>
          <type>GETTERS_AND_SETTERS</type>
          <order>KEEP</order>
        </group>
      </groups>
    </arrangement>
  </codeStyleSettings>
</code_scheme>