<keymap version="1" name="Rocko idea vim" parent="Mac OS X 10.5+">
  <action id="ActivateDebugToolWindow">
    <keyboard-shortcut first-keystroke="meta 9" />
  </action>
  <action id="ActivateFindToolWindow" />
  <action id="ActivateRunToolWindow">
    <keyboard-shortcut first-keystroke="meta 3" />
  </action>
  <action id="ActivateStructureToolWindow" />
  <action id="ActivateTODOToolWindow">
    <keyboard-shortcut first-keystroke="meta 7" />
  </action>
  <action id="ActivateTerminalToolWindow">
    <keyboard-shortcut first-keystroke="meta 4" />
  </action>
  <action id="ActivateVersionControlToolWindow">
    <keyboard-shortcut first-keystroke="meta 5" />
  </action>
  <action id="ChangesView.Move" />
  <action id="ClassNameCompletion" />
  <action id="CommentByBlockComment">
    <keyboard-shortcut first-keystroke="shift meta divide" />
    <keyboard-shortcut first-keystroke="shift meta divide" />
  </action>
  <action id="Console.TableResult.SetDefault" />
  <action id="Diff.NextChange" />
  <action id="Diff.PrevChange" />
  <action id="EditorCutLineEnd" />
  <action id="EditorDown">
    <keyboard-shortcut first-keystroke="down" />
    <keyboard-shortcut first-keystroke="ctrl j" />
  </action>
  <action id="EditorLineEnd">
    <keyboard-shortcut first-keystroke="end" />
    <keyboard-shortcut first-keystroke="meta right" />
  </action>
  <action id="EditorRight">
    <keyboard-shortcut first-keystroke="right" />
  </action>
  <action id="EditorUp">
    <keyboard-shortcut first-keystroke="up" />
    <keyboard-shortcut first-keystroke="ctrl k" />
  </action>
  <action id="ExportToTextFile" />
  <action id="FileChooser.GotoModule" />
  <action id="FindInPath">
    <keyboard-shortcut first-keystroke="ctrl f" />
  </action>
  <action id="GotoClass" />
  <action id="GotoFile">
    <keyboard-shortcut first-keystroke="ctrl o" />
  </action>
  <action id="Jdbc.OpenConsole.New" />
  <action id="MethodDown" />
  <action id="MethodUp" />
  <action id="NextEditorTab" />
  <action id="NextTab" />
  <action id="OverrideMethods" />
  <action id="PreviousEditorTab" />
  <action id="PreviousTab" />
  <action id="QuickJavaDoc">
    <keyboard-shortcut first-keystroke="f1" />
    <mouse-shortcut keystroke="control button2" />
  </action>
  <action id="RecentFiles">
    <keyboard-shortcut first-keystroke="ctrl e" />
  </action>
  <action id="ShowContent" />
  <action id="SwitcherIterateItems">
    <keyboard-shortcut first-keystroke="ctrl e" />
  </action>
  <action id="SwitcherRecentEditedChangedToggleCheckBox">
    <keyboard-shortcut first-keystroke="ctrl e" />
  </action>
  <action id="TodoViewGroupByFlattenPackage" />
  <action id="UsageGrouping.FlattenModules" />
  <action id="Vcs.Log.ShowTooltip">
    <keyboard-shortcut first-keystroke="f1" />
    <mouse-shortcut keystroke="control button2" />
  </action>
  <action id="Vcs.MoveChangedLinesToChangelist" />
</keymap>