<application>
  <component name="RainbowSettings">
    <option name="bigFilesLinesThreshold" value="2000" />
    <option name="indentGuidesOptions" value="Only selected indent guide" />
    <option name="rainbowifyTagNameInXML" value="true" />
    <option name="suppressAdvancedIndentGuidesBanner" value="true" />
    <option name="suppressBigFileCheck" value="true" />
    <option name="suppressYAMLCheck" value="true" />
    <option name="version" value="2024.1.0-233" />
  </component>
</application>